Unnamed: 0,Instrument,CF_DATE,EXPIR_DATE,PUTCALLIND,STRIKE_PRC,CF_CLOSE_x,IMP_VOLT,CF_CLOSE_y,DELTA,VEGA,THETA,GAMMA,DELTA_HEDGE,VEGA_HEDGE,THETA_HEDGE,GAMMA_HEDGE,Price_Change,Price_Change_Abs
371,/GDAX175000F0.EX,2019-05-14,2020-06-19,CALL,17500.0,0.1,47.07,11991.62,,0.0,0.0,,,,,,,
374,/GDAX180000R0.EX,2019-07-18,2020-06-19,PUT ,18000.0,7689.0,65.37,12227.85,-1.0,0.0,101.5907086100965,0.0,-236.2299999999996,0.0,23998.773094963053,0.0,236.22999999999956,236.22999999999956
332,/GDAX142500R0.EX,2019-11-20,2020-06-19,PUT ,14250.0,3936.3,37.81,13158.14,-1.0,0.0,80.58228979855198,8.998714810735818e-10,-930.289999999999,0.0,74964.89837669485,8.371414401279417e-07,930.289999999999,930.289999999999
358,/GDAX149000R0.EX,2020-01-15,2020-06-19,PUT ,14900.0,4586.7,42.77,13432.3,-1.0,0.0,84.33129828388837,0.0,-274.15999999999985,0.0,23120.268737510825,0.0,274.15999999999985,274.15999999999985
348,/GDAX146500R0.EX,2020-01-20,2020-06-19,PUT ,14650.0,4336.5,40.93,13548.94,-1.0,0.0,82.92278370141116,0.0,-116.64000000000124,0.0,9672.1134909327,0.0,116.64000000000124,116.64000000000124
367,/GDAX165000F0.EX,2020-02-12,2020-06-19,CALL,16500.0,0.1,42.11,13749.78,0.0,0.0,0.0,0.0,0.0,0.0,0.0,0.0,200.84000000000015,200.84000000000015
308,/GDAX136500R0.EX,2020-02-13,2020-06-19,PUT ,13650.0,3336.0,33.34,13745.43,-1.0,0.0,77.2913342686868,0.0,4.350000000000364,-0.0,-336.2173040688157,-0.0,-4.350000000000364,4.350000000000364
338,/GDAX144000R0.EX,2020-02-14,2020-06-19,PUT ,14400.0,4086.4,39.05,13744.21,-1.0,0.0,81.53937744492919,0.0,1.2200000000011642,-0.0,-99.47804048290853,-0.0,-1.2200000000011642,1.2200000000011642
342,/GDAX145000R0.EX,2020-02-21,2020-06-19,PUT ,14500.0,4186.4,39.72,13579.33,-1.0,0.0,82.11455122570237,0.0,164.8799999999992,-0.0,-13539.04720609374,-0.0,-164.8799999999992,164.8799999999992
13,/GDAX44000F0.EX,2020-02-26,2020-06-19,CALL,4400.0,5922.7,107.54,12774.88,0.999999998720522,-0.0004392480150272,-32.605716032953865,3.703968928754655e-15,-804.4499989707247,0.3533530656886799,26229.66826270976,-2.9796578047366848e-12,-804.4500000000007,804.4500000000007
373,/GDAX180000F0.EX,2020-02-27,2020-06-19,CALL,18000.0,0.1,49.42,12367.46,0.0,0.0,0.0,0.0,-0.0,-0.0,-0.0,-0.0,-407.4200000000001,407.4200000000001
366,/GDAX160000R0.EX,2020-02-28,2020-06-19,PUT ,16000.0,5687.5,51.09,11890.35,-1.0,0.0,90.61901274519867,0.0,477.1099999999988,-0.0,-43235.237170861634,-0.0,-477.10999999999876,477.10999999999876
377,/GDAX190000F0.EX,2020-02-28,2020-06-19,CALL,19000.0,0.1,53.91,11890.35,0.0,0.0,0.0,0.0,0.0,0.0,0.0,0.0,0.0,0.0
375,/GDAX185000F0.EX,2020-02-28,2020-06-19,CALL,18500.0,0.1,51.7,11890.35,0.0,0.0,0.0,0.0,0.0,0.0,0.0,0.0,0.0,0.0
369,/GDAX170000F0.EX,2020-03-02,2020-06-19,CALL,17000.0,0.1,44.63,11857.87,0.0,0.0,0.0,0.0,-0.0,-0.0,-0.0,-0.0,-32.47999999999956,32.47999999999956
326,/GDAX141000R0.EX,2020-03-04,2020-06-19,PUT ,14100.0,3786.2,36.56,12127.69,-1.0,0.0,79.86420752760114,0.0,-269.8199999999997,0.0,21548.96047509732,0.0,269.8199999999997,269.8199999999997
334,/GDAX143000R0.EX,2020-03-05,2020-06-19,PUT ,14300.0,3986.3,38.15,11944.72,-1.0,0.0,80.99829133008234,0.0,182.9700000000012,-0.0,-14820.25736466526,-0.0,-182.97000000000116,182.97000000000116
319,/GDAX139500F0.EX,2020-03-06,2020-06-19,CALL,13950.0,0.4,31.38,11541.87,0.0,0.0,0.0,0.0,-0.0,-0.0,-0.0,-0.0,-402.84999999999854,402.84999999999854
316,/GDAX138500R0.EX,2020-03-09,2020-06-19,PUT ,13850.0,3536.1,34.8,10625.02,-1.0,0.0,78.45426852438709,0.0,916.8500000000004,-0.0,-71930.79609658434,-0.0,-916.8500000000004,916.8500000000004
320,/GDAX139500R0.EX,2020-03-09,2020-06-19,PUT ,13950.0,3636.1,35.52,10625.02,-1.000000000021828,0.0,79.02072533686032,0.0,-0.0,0.0,0.0,0.0,0.0,0.0
5,/GDAX40000F0.EX,2020-03-09,2020-06-19,CALL,4000.0,6322.5,118.17,10625.02,0.9999999998854036,-3.072727849939838e-06,-30.56999023781418,1.8189894035458565e-06,0.0,-0.0,-0.0,0.0,0.0,0.0
252,/GDAX122500R0.EX,2020-03-11,2020-06-19,PUT ,12250.0,1938.1,24.4,10438.68,-1.0,0.0,69.39311530451823,0.0,186.34000000000012,-0.0,-12930.713105843935,-0.0,-186.34000000000015,186.34000000000015
260,/GDAX124500R0.EX,2020-03-11,2020-06-19,PUT ,12450.0,2137.0,25.37,10438.68,-1.000000000021828,0.0,70.52606412563887,0.0,-0.0,0.0,0.0,0.0,0.0,0.0
295,/GDAX133500F0.EX,2020-03-12,2020-06-19,CALL,13350.0,0.7,28.88,9161.13,0.0,0.0,0.0,1.2293283981515785e-08,-0.0,-0.0,-0.0,-1.5705284950585503e-05,-1277.550000000001,1277.550000000001
248,/GDAX121500R0.EX,2020-03-12,2020-06-19,PUT ,12150.0,1839.0,24.0,9161.13,-1.000000000021828,0.0,68.82771000926505,0.0,-0.0,0.0,0.0,0.0,0.0,0.0
343,/GDAX145500F0.EX,2020-03-12,2020-06-19,CALL,14550.0,0.2,34.0,9161.13,0.0,0.0,0.0,0.0,0.0,0.0,0.0,0.0,0.0,0.0
346,/GDAX146000R0.EX,2020-03-12,2020-06-19,PUT ,14600.0,4286.5,40.6,9161.13,-1.000000000021828,0.0,82.7065486528229,0.0,-0.0,0.0,0.0,0.0,0.0,0.0
323,/GDAX140500F0.EX,2020-03-13,2020-06-19,CALL,14050.0,0.3,32.08,9232.08,0.0,0.0,0.0,0.0,0.0,0.0,0.0,0.0,70.95000000000073,70.95000000000073
339,/GDAX144500F0.EX,2020-03-13,2020-06-19,CALL,14450.0,0.3,33.36,9232.08,0.0,0.0,0.0,0.0,0.0,0.0,0.0,0.0,0.0,0.0
65,/GDAX76000F0.EX,2020-03-16,2020-06-19,CALL,7600.0,2755.2,59.48,8742.25,1.0000000000042275,3.3337528293486685e-07,-59.21738922638963,1.8734659037344064e-17,-489.8300000020708,-0.0001632972148399,29006.453764762427,-9.176798036262242e-15,-489.8299999999999,489.8299999999999
15,/GDAX45000F0.EX,2020-03-16,2020-06-19,CALL,4500.0,5822.8,105.36,8742.25,1.00000000052205,9.843915904639289e-06,-35.062910958432894,0.0,0.0,0.0,-0.0,0.0,0.0,0.0
3,/GDAX36000F0.EX,2020-03-17,2020-06-19,CALL,3600.0,6722.5,130.77,8939.1,0.999999998529631,-1.799758138076868e-05,-28.130354145009505,9.418277124512723e-15,196.84999971055825,-0.0035428238948043,-5537.460213445132,1.853987851960333e-12,196.85000000000036,196.85000000000036
351,/GDAX147500F0.EX,2020-03-17,2020-06-19,CALL,14750.0,0.2,35.27,8939.1,0.0,0.0,0.0,0.0,0.0,0.0,0.0,0.0,0.0,0.0
327,/GDAX141500F0.EX,2020-03-17,2020-06-19,CALL,14150.0,0.3,32.15,8939.1,0.0,0.0,0.0,0.0,0.0,0.0,0.0,0.0,0.0,0.0
310,/GDAX137000R0.EX,2020-03-18,2020-06-19,PUT ,13700.0,3386.1,33.71,8441.71,-1.0,0.0,77.615433185352,0.0,497.3900000000013,-0.0,-38605.14031206233,-0.0,-497.39000000000124,497.39000000000124
41,/GDAX64000F0.EX,2020-03-18,2020-06-19,CALL,6400.0,3931.1,72.32,8441.71,1.0000000037962309,-2.151568878616672e-05,-50.15310651748917,9.094947017729282e-07,0.0,-0.0,-0.0,0.0,0.0,0.0
93,/GDAX83000F0.EX,2020-03-19,2020-06-19,CALL,8300.0,2086.8,52.32,8610.43,0.9999999999938494,4.7657522372901446e-08,-65.23055108541075,1.332750226308353e-15,168.71999999896343,8.040777174755987e-06,-11005.698579130578,2.248616181827469e-13,168.72000000000116,168.72000000000116
59,/GDAX74000F0.EX,2020-03-19,2020-06-19,CALL,7400.0,2949.1,61.53,8610.43,1.000000000340151,-9.591985872248188e-07,-58.15735551382284,2.2737367544323206e-06,0.0,-0.0,-0.0,0.0,0.0,0.0
29,/GDAX56000F0.EX,2020-03-19,2020-06-19,CALL,5600.0,4725.4,83.6,8610.43,1.000000007888957,-5.5214331950992346e-05,-44.01098570490808,2.2737367544323206e-06,0.0,-0.0,-0.0,0.0,0.0,0.0
272,/GDAX127500R0.EX,2020-03-19,2020-06-19,PUT ,12750.0,2436.3,27.19,8610.43,-1.000000000021828,0.0,72.23446313597651,0.0,-0.0,0.0,0.0,0.0,0.0,0.0
365,/GDAX160000F0.EX,2020-03-20,2020-06-19,CALL,16000.0,0.1,39.5,8928.95,0.0,0.0,0.0,0.0,0.0,0.0,0.0,0.0,318.52000000000044,318.52000000000044
115,/GDAX88500F0.EX,2020-03-23,2020-06-19,CALL,8850.0,1582.0,46.87,8741.15,0.999999982395742,-3.828881744993851e-06,-70.3768895331882,3.233278737622357e-12,-187.79999669392143,0.0007190639917098,13216.77985433282,-6.072097469254821e-10,-187.8000000000011,187.8000000000011
311,/GDAX137500F0.EX,2020-03-24,2020-06-19,CALL,13750.0,0.5,30.45,9700.57,0.0,0.0,0.0,1.7928530234092421e-12,0.0,0.0,0.0,1.7200990477192951e-09,959.4200000000001,959.4200000000001
306,/GDAX136000R0.EX,2020-03-24,2020-06-19,PUT ,13600.0,3286.0,32.97,9700.57,-1.000000000021828,0.0,77.0560784685822,0.0,-0.0,0.0,0.0,0.0,0.0,0.0
131,/GDAX92500F0.EX,2020-03-24,2020-06-19,CALL,9250.0,1231.7,43.07,9700.57,0.9999987344599504,-0.0003844074853986,-73.78033438828197,3.637978807091713e-06,0.0,-0.0,-0.0,0.0,0.0,0.0
113,/GDAX88000F0.EX,2020-03-24,2020-06-19,CALL,8800.0,1626.9,47.35,9700.57,0.9999999960200512,-1.8857463146559892e-06,-70.18939641071779,4.547473508864641e-06,0.0,-0.0,-0.0,0.0,0.0,0.0
355,/GDAX148500F0.EX,2020-03-24,2020-06-19,CALL,14850.0,0.2,34.79,9700.57,0.0,0.0,0.0,0.0,0.0,0.0,0.0,0.0,0.0,0.0
359,/GDAX149500F0.EX,2020-03-27,2020-06-19,CALL,14950.0,0.2,35.4,9632.52,0.0,0.0,0.0,0.0,-0.0,-0.0,-0.0,-0.0,-68.04999999999927,68.04999999999927
95,/GDAX83500F0.EX,2020-03-27,2020-06-19,CALL,8350.0,2040.0,51.81,9632.52,1.0000000002037268,1.191438059322536e-07,-67.21077408466317,1.8189894035458565e-06,0.0,0.0,-0.0,0.0,0.0,0.0
105,/GDAX86000F0.EX,2020-03-30,2020-06-19,CALL,8600.0,1808.6,49.29,9815.97,0.9999999996535393,-1.0822986951097847e-07,-69.87172120127957,8.249699810988373e-14,183.4499999364407,-1.985476956178888e-05,-12817.96725437466,1.5134074303258077e-11,183.4499999999989,183.4499999999989
312,/GDAX137500R0.EX,2020-04-01,2020-06-19,PUT ,13750.0,3436.1,34.08,9544.75,-1.0,0.0,77.91564340280115,0.0,271.21999999999935,-0.0,-21132.28080370768,-0.0,-271.21999999999935,271.21999999999935
147,/GDAX96500F0.EX,2020-04-02,2020-06-19,CALL,9650.0,903.3,39.27,9570.82,0.9999502616004278,-0.0077275020885281,-79.21799693920752,3.1858913149180597e-09,26.06870331992286,-0.201455979447926,-2065.213180205117,8.30561865799129e-08,26.06999999999971,26.06999999999971
353,/GDAX148000F0.EX,2020-04-02,2020-06-19,CALL,14800.0,0.2,34.49,9570.82,0.0,0.0,0.0,0.0,0.0,0.0,0.0,0.0,0.0,0.0
163,/GDAX100500F0.EX,2020-04-03,2020-06-19,CALL,10050.0,607.2,35.45,9525.77,0.9685065699856232,-17.076274257397017,-123.66000993434044,7.557021936275135e-06,-43.631220977851626,769.2861552957232,5570.883447541947,-0.0003404438382291,-45.04999999999927,45.04999999999927
250,/GDAX122000R0.EX,2020-04-06,2020-06-19,PUT ,12200.0,1888.5,24.19,10075.17,-1.0,0.0,69.13779491298828,4.2138386755349215e-08,-549.3999999999996,0.0,37984.30452519574,2.3150829683388843e-05,549.3999999999996,549.3999999999996
119,/GDAX89500F0.EX,2020-04-06,2020-06-19,CALL,8950.0,1492.9,45.91,10075.17,0.9999999821047822,-5.109541234560311e-06,-74.37409678971107,2.7284841053187847e-06,0.0,-0.0,-0.0,0.0,0.0,0.0
14,/GDAX44000R0.EX,2020-04-07,2020-06-19,PUT ,4400.0,1.2,92.7,10356.7,-4.875632041902296e-10,1.4487250155070797e-05,-11.749780648046452,3.3682217420115872e-15,-1.3726366887567565e-07,0.004078595536157,-3307.9157458445256,9.482554670285245e-13,281.53000000000065,281.53000000000065
27,/GDAX55000F0.EX,2020-04-08,2020-06-19,CALL,5500.0,4825.0,85.14,10332.89,1.0000000043432478,-4.3897307477891445e-05,-46.009786934485646,6.624461734078772e-12,-23.81000010341404,0.0010451948910486,1095.4930269101635,-1.5772843388842424e-10,-23.81000000000131,23.81000000000131
49,/GDAX68000F0.EX,2020-04-08,2020-06-19,CALL,6800.0,3536.3,67.59,10332.89,0.999999467012458,0.0005642598807753,-56.88426009249622,4.547473508864641e-07,0.0,0.0,-0.0,0.0,0.0,0.0
314,/GDAX138000R0.EX,2020-04-09,2020-06-19,PUT ,13800.0,3486.1,34.44,10564.74,-1.0,0.0,78.20869114515813,0.0,-231.8500000000004,0.0,18132.68504200494,0.0,231.85000000000036,231.85000000000036
143,/GDAX95500F0.EX,2020-04-14,2020-06-19,CALL,9550.0,982.9,40.22,10696.56,0.9999830619488438,-0.0016348210920114,-81.56439570943212,1.2820465791378174e-09,131.8177672260963,-0.2155021163489432,-10751.818642417318,1.6899938006194677e-07,131.8199999999997,131.8199999999997
73,/GDAX78000F0.EX,2020-04-14,2020-06-19,CALL,7800.0,2562.2,57.39,10696.56,0.9999999993851816,4.094363248441368e-06,-66.60272488956127,3.183231456205249e-06,0.0,0.0,-0.0,0.0,0.0,0.0
303,/GDAX135500F0.EX,2020-04-15,2020-06-19,CALL,13550.0,0.6,29.78,10279.76,0.0,0.0,0.0,0.0,-0.0,-0.0,-0.0,-0.0,-416.7999999999993,416.7999999999993
135,/GDAX93500F0.EX,2020-04-15,2020-06-19,CALL,9350.0,1147.1,42.14,10279.76,0.9999982752560754,-0.0002486668563506,-80.1203571567537,1.8189894035458565e-06,0.0,-0.0,-0.0,0.0,0.0,0.0
349,/GDAX147000F0.EX,2020-04-16,2020-06-19,CALL,14700.0,0.2,34.96,10301.54,0.0,0.0,0.0,0.0,0.0,0.0,0.0,0.0,21.780000000000655,21.780000000000655
256,/GDAX123500R0.EX,2020-04-16,2020-06-19,PUT ,12350.0,2037.4,24.86,10301.54,-1.000000000021828,0.0,69.998722059501,0.0,-0.0,0.0,0.0,0.0,0.0,0.0
345,/GDAX146000F0.EX,2020-04-16,2020-06-19,CALL,14600.0,0.2,34.32,10301.54,0.0,0.0,0.0,0.0,0.0,0.0,0.0,0.0,0.0,0.0
363,/GDAX155000F0.EX,2020-04-17,2020-06-19,CALL,15500.0,0.2,38.64,10625.78,0.0,0.0,0.0,0.0,0.0,0.0,0.0,0.0,324.2399999999998,324.2399999999998
300,/GDAX134500R0.EX,2020-04-17,2020-06-19,PUT ,13450.0,3136.0,31.84,10625.78,-1.000000000021828,0.0,76.23461021696858,0.0,-0.0,0.0,0.0,0.0,0.0,0.0
123,/GDAX90500F0.EX,2020-04-17,2020-06-19,CALL,9050.0,1404.7,44.95,10625.78,0.9999999578212736,-6.485151970991865e-06,-78.09813068694007,4.547473508864641e-06,0.0,-0.0,-0.0,0.0,0.0,0.0
357,/GDAX149000F0.EX,2020-04-20,2020-06-19,CALL,14900.0,0.2,35.09,10675.9,0.0,0.0,0.0,0.0,0.0,0.0,0.0,0.0,50.11999999999898,50.11999999999898
362,/GDAX150000R0.EX,2020-04-20,2020-06-19,PUT ,15000.0,4686.8,43.64,10675.9,-1.000000000021828,0.0,85.02397341930146,0.0,-0.0,0.0,0.0,0.0,0.0,0.0
276,/GDAX128500R0.EX,2020-04-21,2020-06-19,PUT ,12850.0,2536.2,27.83,10249.85,-1.0,0.0,72.83833530931497,0.0,426.0499999999993,-0.0,-31032.77275853359,-0.0,-426.0499999999993,426.0499999999993
294,/GDAX133000R0.EX,2020-04-21,2020-06-19,PUT ,13300.0,2986.0,30.85,10249.85,-1.000000000021828,0.0,75.38909413309739,0.0,-0.0,0.0,0.0,0.0,0.0,0.0
291,/GDAX132500F0.EX,2020-04-21,2020-06-19,CALL,13250.0,0.8,28.61,10249.85,0.0,0.0,0.0,0.0,0.0,0.0,0.0,0.0,0.0,0.0
85,/GDAX81000F0.EX,2020-04-22,2020-06-19,CALL,8100.0,2275.4,54.33,10415.03,0.9999999983928268,6.446421139116865e-05,-71.17762601774052,1.8514615677817466e-13,165.17999973452743,0.0106481984375932,-11757.1202656104,3.058244217661894e-11,165.1800000000003,165.1800000000003
89,/GDAX82000F0.EX,2020-04-22,2020-06-19,CALL,8200.0,2180.8,53.31,10415.03,0.9999999841056706,6.67746462568175e-05,-72.05634470522409,1.8189894035458565e-06,0.0,0.0,-0.0,0.0,0.0,0.0
361,/GDAX150000F0.EX,2020-04-23,2020-06-19,CALL,15000.0,0.2,35.7,10513.79,0.0,0.0,0.0,0.0,0.0,0.0,0.0,0.0,98.76000000000022,98.76000000000022
322,/GDAX140000R0.EX,2020-04-24,2020-06-19,PUT ,14000.0,3686.2,35.87,10336.09,-1.0,0.0,79.36063931294302,0.0,177.70000000000073,-0.0,-14102.385605910033,-0.0,-177.70000000000073,177.70000000000073
341,/GDAX145000F0.EX,2020-04-24,2020-06-19,CALL,14500.0,0.3,33.68,10336.09,0.0,0.0,0.0,0.0,0.0,0.0,0.0,0.0,0.0,0.0
347,/GDAX146500F0.EX,2020-04-24,2020-06-19,CALL,14650.0,0.2,34.64,10336.09,0.0,0.0,0.0,0.0,0.0,0.0,0.0,0.0,0.0,0.0
8,/GDAX41000R0.EX,2020-04-27,2020-06-19,PUT ,4100.0,0.8,95.43,10659.99,1.5065180237743444e-09,5.146230250829831e-05,-13.46688920084307,3.7904466304827736e-14,4.879611879005097e-07,0.0166686397824378,-4361.925412153066,1.227725663613369e-11,323.89999999999964,323.89999999999964
6,/GDAX40000R0.EX,2020-04-27,2020-06-19,PUT ,4000.0,0.7,97.84,10659.99,-7.185008144006133e-09,-3.623117663664743e-05,-13.13837586820432,9.094947017729282e-07,-0.0,-0.0,-0.0,0.0,0.0,0.0
12,/GDAX43000R0.EX,2020-04-27,2020-06-19,PUT ,4300.0,1.0,93.82,10659.99,-5.220499588176609e-08,0.0001113536200136,-14.12381028125219,2.7284841053187847e-06,-0.0,0.0,-0.0,0.0,0.0,0.0
10,/GDAX42000R0.EX,2020-04-27,2020-06-19,PUT ,4200.0,0.9,94.76,10659.99,-5.3387338994070894e-08,9.9023509392282e-05,-13.795313480195093,1.8189894035458565e-06,-0.0,0.0,-0.0,0.0,0.0,0.0
224,/GDAX115500R0.EX,2020-04-27,2020-06-19,PUT ,11550.0,1259.8,23.57,10659.99,-1.000000000021828,0.0,65.47557852387854,0.0,-0.0,0.0,0.0,0.0,0.0,0.0
315,/GDAX138500F0.EX,2020-04-27,2020-06-19,CALL,13850.0,0.4,31.18,10659.99,0.0,0.0,0.0,0.0,0.0,0.0,0.0,0.0,0.0,0.0
287,/GDAX131500F0.EX,2020-04-28,2020-06-19,CALL,13150.0,0.9,28.04,10795.63,0.0,0.0,0.0,0.0,0.0,0.0,0.0,0.0,135.63999999999942,135.63999999999942
274,/GDAX128000R0.EX,2020-04-29,2020-06-19,PUT ,12800.0,2486.3,27.51,11107.74,-1.0,0.0,72.56393438050873,0.0,-312.1100000000006,0.0,22647.929559500622,0.0,312.1100000000006,312.1100000000006
208,/GDAX111500R0.EX,2020-04-29,2020-06-19,PUT ,11150.0,918.0,25.78,11107.74,-0.974387103360641,0.0173314479980035,-22.436362084115444,9.094947017729282e-07,-0.0,0.0,-0.0,0.0,0.0,0.0
2,/GDAX20000R0.EX,2020-04-30,2020-06-19,PUT ,2000.0,0.1,150.5,10861.64,5.883307248754709e-09,-1.7020829545799643e-05,-6.776671393408378,2.0176804162207509e-13,-1.4478819139185362e-06,0.0041888261512212,1667.7388299178044,-4.9655115043192745e-11,-246.10000000000036,246.10000000000036
335,/GDAX143500F0.EX,2020-04-30,2020-06-19,CALL,14350.0,0.3,32.71,10861.64,0.0,0.0,0.0,0.0,0.0,0.0,0.0,0.0,0.0,0.0
232,/GDAX117500R0.EX,2020-04-30,2020-06-19,PUT ,11750.0,1448.3,23.35,10861.64,-1.000000000021828,0.0,66.61245884379127,0.0,-0.0,0.0,0.0,0.0,0.0,0.0
109,/GDAX87000F0.EX,2020-04-30,2020-06-19,CALL,8700.0,1717.3,48.32,10861.64,0.9999998014791344,0.0006829500307503,-78.7981089924499,5.4569682106375694e-06,0.0,0.0,-0.0,0.0,0.0,0.0
228,/GDAX116500R0.EX,2020-04-30,2020-06-19,PUT ,11650.0,1353.2,23.41,10861.64,-1.000000000021828,0.0,66.0455443006731,0.0,-0.0,0.0,0.0,0.0,0.0,0.0
55,/GDAX72000F0.EX,2020-04-30,2020-06-19,CALL,7200.0,3144.1,63.46,10861.64,0.9999998009789124,-2.195247361669317e-05,-65.21356439029762,9.094947017729282e-07,0.0,-0.0,-0.0,0.0,0.0,0.0
230,/GDAX117000R0.EX,2020-04-30,2020-06-19,PUT ,11700.0,1400.5,23.35,10861.64,-1.000000000021828,0.0,66.32900157239828,0.0,-0.0,0.0,0.0,0.0,0.0,0.0
288,/GDAX131500R0.EX,2020-04-30,2020-06-19,PUT ,13150.0,2836.0,29.8,10861.64,-1.000000000021828,0.0,74.54926245109982,0.0,-0.0,0.0,0.0,0.0,0.0,0.0
88,/GDAX81500R0.EX,2020-05-04,2020-06-19,PUT ,8150.0,59.4,53.52,10466.8,4.1765031415725984e-08,-0.0005946928467892,-28.78390002655715,6.869485501869037e-13,-1.6490505004185252e-05,0.2348085236262705,11365.035086485828,-2.7123476555579716e-10,-394.84000000000015,394.84000000000015
25,/GDAX52000F0.EX,2020-05-04,2020-06-19,CALL,5200.0,5124.0,90.57,10466.8,1.0000000971103873,-0.0002033075816143,-47.84437697113708,1.8189894035458565e-06,0.0,-0.0,-0.0,0.0,0.0,0.0
40,/GDAX63000R0.EX,2020-05-04,2020-06-19,PUT ,6300.0,10.0,71.09,10466.8,2.7284841053187847e-09,-0.0003082664989051,-22.251329421071887,5.4569682106375694e-06,0.0,-0.0,-0.0,0.0,0.0,0.0
364,/GDAX155000R0.EX,2020-05-04,2020-06-19,PUT ,15500.0,5187.1,47.43,10466.8,-1.000000000021828,0.0,87.87721415431156,0.0,-0.0,0.0,0.0,0.0,0.0,0.0
220,/GDAX114500R0.EX,2020-05-04,2020-06-19,PUT ,11450.0,1168.7,23.86,10466.8,-1.000000000021828,0.0,64.91574852039912,0.0,-0.0,0.0,0.0,0.0,0.0,0.0
38,/GDAX62000R0.EX,2020-05-04,2020-06-19,PUT ,6200.0,9.1,72.07,10466.8,3.0353476176969707e-06,0.0007564189218101,-21.89292067814017,9.094947017729282e-07,0.0,0.0,-0.0,0.0,0.0,0.0
101,/GDAX85000F0.EX,2020-05-04,2020-06-19,CALL,8500.0,1900.6,50.29,10466.8,0.9999981934015524,-0.0003212257070117,-78.20629079039645,2.7284841053187847e-06,0.0,-0.0,-0.0,0.0,0.0,0.0
292,/GDAX132500R0.EX,2020-05-05,2020-06-19,PUT ,13250.0,2936.0,30.45,10729.46,-1.0,0.0,75.12201124400826,0.0,-262.65999999999985,0.0,19731.5474733512,0.0,262.65999999999985,262.65999999999985
24,/GDAX49000R0.EX,2020-05-05,2020-06-19,PUT ,4900.0,2.2,86.42,10729.46,6.566551746800543e-08,-0.0002373885763518,-17.483959757143793,0.0,0.0,-0.0,-0.0,0.0,0.0,0.0
258,/GDAX124000R0.EX,2020-05-05,2020-06-19,PUT ,12400.0,2087.2,25.13,10729.46,-1.000000000021828,0.0,70.30286335286064,0.0,-0.0,0.0,0.0,0.0,0.0,0.0
240,/GDAX119500R0.EX,2020-05-05,2020-06-19,PUT ,11950.0,1642.1,23.5,10729.46,-1.000000000021828,0.0,67.75154976354679,0.0,-0.0,0.0,0.0,0.0,0.0,0.0
284,/GDAX130500R0.EX,2020-05-05,2020-06-19,PUT ,13050.0,2736.1,29.13,10729.46,-1.000000000021828,0.0,73.98809409309138,0.0,-0.0,0.0,0.0,0.0,0.0,0.0
278,/GDAX129000R0.EX,2020-05-05,2020-06-19,PUT ,12900.0,2586.2,28.14,10729.46,-1.000000000021828,0.0,73.13765622998676,0.0,-0.0,0.0,0.0,0.0,0.0,0.0
296,/GDAX133500R0.EX,2020-05-06,2020-06-19,PUT ,13350.0,3036.0,31.24,10606.2,-1.0,0.0,75.69014553050533,0.0,123.2599999999984,-0.0,-9329.567338089966,-0.0,-123.2599999999984,123.2599999999984
236,/GDAX118500R0.EX,2020-05-06,2020-06-19,PUT ,11850.0,1544.7,23.36,10606.2,-1.000000000021828,0.0,67.18563479662498,0.0,-0.0,0.0,0.0,0.0,0.0,0.0
304,/GDAX135500R0.EX,2020-05-06,2020-06-19,PUT ,13550.0,3236.0,32.6,10606.2,-1.000000000021828,0.0,76.82408029528847,0.0,-0.0,0.0,0.0,0.0,0.0,0.0
120,/GDAX89500R0.EX,2020-05-06,2020-06-19,PUT ,8950.0,124.9,45.79,10606.2,-4.547473508864641e-09,-0.0006289171324169,-32.266836206878224,3.637978807091713e-06,-0.0,-0.0,-0.0,0.0,0.0,0.0
299,/GDAX134500F0.EX,2020-05-06,2020-06-19,CALL,13450.0,0.6,29.35,10606.2,0.0,0.0,0.0,0.0,0.0,0.0,0.0,0.0,0.0,0.0
46,/GDAX66000R0.EX,2020-05-06,2020-06-19,PUT ,6600.0,13.6,68.11,10606.2,8.185452315956354e-09,-2.1017604012740776e-05,-23.794516970993527,3.637978807091713e-06,0.0,-0.0,-0.0,0.0,0.0,0.0
280,/GDAX129500R0.EX,2020-05-06,2020-06-19,PUT ,12950.0,2636.1,28.43,10606.2,-1.000000000021828,0.0,73.42227600160345,0.0,-0.0,0.0,0.0,0.0,0.0,0.0
270,/GDAX127000R0.EX,2020-05-06,2020-06-19,PUT ,12700.0,2386.4,26.85,10606.2,-1.000000000021828,0.0,72.00485754579063,0.0,-0.0,0.0,0.0,0.0,0.0,0.0
204,/GDAX110500R0.EX,2020-05-08,2020-06-19,PUT ,11050.0,843.0,26.53,10904.48,-0.979462465032964,-0.003948548601329,-43.01331391984286,2.49366674389091e-08,-292.1540640700314,-1.1777730768044374,-12830.011276010677,7.4381091636777774e-06,298.27999999999884,298.27999999999884
331,/GDAX142500F0.EX,2020-05-08,2020-06-19,CALL,14250.0,0.3,32.82,10904.48,0.0,0.0,0.0,0.0,0.0,0.0,0.0,0.0,0.0,0.0
337,/GDAX144000F0.EX,2020-05-11,2020-06-19,CALL,14400.0,0.3,33.03,10824.99,0.0,0.0,0.0,0.0,-0.0,-0.0,-0.0,-0.0,-79.48999999999978,79.48999999999978
329,/GDAX142000F0.EX,2020-05-11,2020-06-19,CALL,14200.0,0.3,32.49,10824.99,0.0,0.0,0.0,0.0,0.0,0.0,0.0,0.0,0.0,0.0
325,/GDAX141000F0.EX,2020-05-11,2020-06-19,CALL,14100.0,0.3,31.81,10824.99,0.0,0.0,0.0,0.0,0.0,0.0,0.0,0.0,0.0,0.0
293,/GDAX133000F0.EX,2020-05-11,2020-06-19,CALL,13300.0,0.7,28.76,10824.99,0.0,0.0,0.0,0.0,0.0,0.0,0.0,0.0,0.0,0.0
309,/GDAX137000F0.EX,2020-05-11,2020-06-19,CALL,13700.0,0.5,30.52,10824.99,0.0,0.0,0.0,0.0,0.0,0.0,0.0,0.0,0.0,0.0
20,/GDAX47000R0.EX,2020-05-11,2020-06-19,PUT ,4700.0,1.7,88.72,10824.99,-5.220499588176609e-08,1.0293206287315115e-05,-17.84483981789299,4.547473508864641e-06,-0.0,0.0,-0.0,0.0,0.0,0.0
255,/GDAX123500F0.EX,2020-05-11,2020-06-19,CALL,12350.0,2.9,24.38,10824.99,0.0,0.0,0.0,0.0,0.0,0.0,0.0,0.0,0.0,0.0
97,/GDAX84000F0.EX,2020-05-11,2020-06-19,CALL,8400.0,1993.4,51.3,10824.99,1.0000000019317667,1.4195120456861332e-05,-79.52129567467205,3.637978807091713e-06,0.0,0.0,-0.0,0.0,0.0,0.0
271,/GDAX127500F0.EX,2020-05-11,2020-06-19,CALL,12750.0,1.5,26.19,10824.99,0.0,0.0,0.0,0.0,0.0,0.0,0.0,0.0,0.0,0.0
275,/GDAX128500F0.EX,2020-05-11,2020-06-19,CALL,12850.0,1.3,26.63,10824.99,0.0,0.0,0.0,0.0,0.0,0.0,0.0,0.0,0.0,0.0
279,/GDAX129500F0.EX,2020-05-11,2020-06-19,CALL,12950.0,1.1,27.16,10824.99,0.0,0.0,0.0,0.0,0.0,0.0,0.0,0.0,0.0,0.0
283,/GDAX130500F0.EX,2020-05-11,2020-06-19,CALL,13050.0,1.0,27.63,10824.99,0.0,0.0,0.0,0.0,0.0,0.0,0.0,0.0,0.0,0.0
277,/GDAX129000F0.EX,2020-05-11,2020-06-19,CALL,12900.0,1.2,26.9,10824.99,0.0,0.0,0.0,0.0,0.0,0.0,0.0,0.0,0.0,0.0
289,/GDAX132000F0.EX,2020-05-11,2020-06-19,CALL,13200.0,0.8,28.21,10824.99,0.0,0.0,0.0,0.0,0.0,0.0,0.0,0.0,0.0,0.0
307,/GDAX136500F0.EX,2020-05-11,2020-06-19,CALL,13650.0,0.5,30.15,10824.99,0.0,0.0,0.0,0.0,0.0,0.0,0.0,0.0,0.0,0.0
48,/GDAX67000R0.EX,2020-05-11,2020-06-19,PUT ,6700.0,15.0,67.11,10824.99,-1.2478267308324578e-07,0.0002839683475031,-25.43797239281207,1.8189894035458565e-06,-0.0,0.0,-0.0,0.0,0.0,0.0
301,/GDAX135000F0.EX,2020-05-11,2020-06-19,CALL,13500.0,0.6,29.4,10824.99,0.0,0.0,0.0,0.0,0.0,0.0,0.0,0.0,0.0,0.0
285,/GDAX131000F0.EX,2020-05-11,2020-06-19,CALL,13100.0,0.9,27.84,10824.99,0.0,0.0,0.0,0.0,0.0,0.0,0.0,0.0,0.0,0.0
200,/GDAX109500R0.EX,2020-05-12,2020-06-19,PUT ,10950.0,772.3,27.28,10819.5,-0.973361188400462,-0.0108586815258604,-65.98099200088905,3.2719508124374433e-08,5.343752924318324,0.0596141615769714,362.23564608486646,-1.796300996028085e-07,-5.489999999999782,5.489999999999782
18,/GDAX46000R0.EX,2020-05-12,2020-06-19,PUT ,4600.0,1.5,90.13,10819.5,1.2696546036750078e-07,-0.0019755864741455,-17.646470091656283,1.091393642127514e-05,0.0,-0.0,-0.0,0.0,0.0,0.0
263,/GDAX125500F0.EX,2020-05-12,2020-06-19,CALL,12550.0,2.0,25.2,10819.5,0.0,0.0,0.0,0.0,0.0,0.0,0.0,0.0,0.0,0.0
354,/GDAX148000R0.EX,2020-05-12,2020-06-19,PUT ,14800.0,4486.6,42.13,10819.5,-1.000000000021828,0.0,83.91899345884121,0.0,-0.0,0.0,0.0,0.0,0.0,0.0
265,/GDAX126000F0.EX,2020-05-12,2020-06-19,CALL,12600.0,1.9,25.45,10819.5,0.0,0.0,0.0,0.0,0.0,0.0,0.0,0.0,0.0,0.0
247,/GDAX121500F0.EX,2020-05-12,2020-06-19,CALL,12150.0,4.6,23.72,10819.5,0.0,0.0,0.0,0.0,0.0,0.0,0.0,0.0,0.0,0.0
267,/GDAX126500F0.EX,2020-05-12,2020-06-19,CALL,12650.0,1.7,25.67,10819.5,0.0,0.0,0.0,0.0,0.0,0.0,0.0,0.0,0.0,0.0
133,/GDAX93000F0.EX,2020-05-12,2020-06-19,CALL,9300.0,1189.3,42.6,10819.5,0.9999996713304428,-1.3355747796595097e-05,-88.41020839196744,9.094947017729282e-07,0.0,-0.0,-0.0,0.0,0.0,0.0
159,/GDAX99500F0.EX,2020-05-13,2020-06-19,CALL,9950.0,677.5,36.4,10542.66,0.9951476870445768,-0.0025090798771998,-95.26758176651197,4.16824876978922e-06,-275.4966856814208,0.6946136732040035,26373.87733624119,-0.0011539379894284,-276.84000000000015,276.84000000000015
144,/GDAX95500R0.EX,2020-05-13,2020-06-19,PUT ,9550.0,215.3,40.16,10542.66,-4.904995876131579e-06,-0.0001383258677378,-37.02491173056114,9.094947017729282e-07,-0.0,-0.0,-0.0,0.0,0.0,0.0
125,/GDAX91000F0.EX,2020-05-13,2020-06-19,CALL,9100.0,1361.0,44.49,10542.66,0.9999999753745216,-1.508578861830756e-06,-86.87245423926629,3.637978807091713e-06,0.0,-0.0,-0.0,0.0,0.0,0.0
318,/GDAX139000R0.EX,2020-05-13,2020-06-19,PUT ,13900.0,3586.1,35.16,10542.66,-1.000000000021828,0.0,78.81703570612444,0.0,-0.0,0.0,0.0,0.0,0.0,0.0
298,/GDAX134000R0.EX,2020-05-13,2020-06-19,PUT ,13400.0,3086.0,31.46,10542.66,-1.000000000021828,0.0,75.98189053672468,0.0,-0.0,0.0,0.0,0.0,0.0,0.0
297,/GDAX134000F0.EX,2020-05-13,2020-06-19,CALL,13400.0,0.6,29.27,10542.66,0.0,0.0,0.0,0.0,0.0,0.0,0.0,0.0,0.0,0.0
246,/GDAX121000R0.EX,2020-05-13,2020-06-19,PUT ,12100.0,1789.6,23.88,10542.66,-1.000000000021828,0.0,68.61051309668392,0.0,-0.0,0.0,0.0,0.0,0.0,0.0
302,/GDAX135000R0.EX,2020-05-13,2020-06-19,PUT ,13500.0,3186.0,32.22,10542.66,-1.000000000021828,0.0,76.54891957080395,0.0,-0.0,0.0,0.0,0.0,0.0,0.0
249,/GDAX122000F0.EX,2020-05-14,2020-06-19,CALL,12200.0,4.0,23.83,10337.02,0.0,0.0,0.0,0.0,-0.0,-0.0,-0.0,-0.0,-205.63999999999942,205.63999999999942
218,/GDAX114000R0.EX,2020-05-14,2020-06-19,PUT ,11400.0,1124.3,24.1,10337.02,-1.000000000021828,0.0,64.64231396277955,0.0,-0.0,0.0,0.0,0.0,0.0,0.0
253,/GDAX123000F0.EX,2020-05-14,2020-06-19,CALL,12300.0,3.2,24.18,10337.02,0.0,0.0,0.0,0.0,0.0,0.0,0.0,0.0,0.0,0.0
155,/GDAX98500F0.EX,2020-05-14,2020-06-19,CALL,9850.0,750.4,37.36,10337.02,0.9999293991313608,-0.0012198344848002,-94.55384655775516,0.0,0.0,-0.0,-0.0,0.0,0.0,0.0
96,/GDAX83500R0.EX,2020-05-14,2020-06-19,PUT ,8350.0,71.5,51.57,10337.02,1.8417267710901802e-07,-0.0003002586709044,-32.702088954092005,9.094947017729282e-07,0.0,-0.0,-0.0,0.0,0.0,0.0
22,/GDAX48000R0.EX,2020-05-14,2020-06-19,PUT ,4800.0,2.0,87.27,10337.02,-4.122739483136684e-07,0.0001647894350753,-18.799627432108537,0.0,-0.0,0.0,-0.0,0.0,0.0,0.0
42,/GDAX64000R0.EX,2020-05-14,2020-06-19,PUT ,6400.0,11.1,70.15,10337.02,-1.7171259969472885e-07,5.012880137655884e-05,-25.066001147270526,3.637978807091713e-06,-0.0,0.0,-0.0,0.0,0.0,0.0
153,/GDAX98000F0.EX,2020-05-14,2020-06-19,CALL,9800.0,787.8,37.83,10337.02,0.9999530811910518,-0.0008741219971852,-94.03187311486865,9.094947017729282e-07,0.0,-0.0,-0.0,0.0,0.0,0.0
259,/GDAX124500F0.EX,2020-05-14,2020-06-19,CALL,12450.0,2.4,24.75,10337.02,0.0,0.0,0.0,0.0,0.0,0.0,0.0,0.0,0.0,0.0
26,/GDAX52000R0.EX,2020-05-14,2020-06-19,PUT ,5200.0,3.1,83.06,10337.02,-2.750311978161335e-07,9.227151167578997e-05,-20.36595529473448,0.0,-0.0,0.0,-0.0,0.0,0.0,0.0
129,/GDAX92000F0.EX,2020-05-14,2020-06-19,CALL,9200.0,1274.5,43.55,10337.02,0.999999912801286,-3.347577148815617e-06,-88.19901403340077,2.7284841053187847e-06,0.0,-0.0,-0.0,0.0,0.0,0.0
196,/GDAX108500R0.EX,2020-05-14,2020-06-19,PUT ,10850.0,706.4,28.05,10337.02,-0.9714313565382326,-0.014151931827655,-91.6832528033624,3.637978807091713e-06,-0.0,-0.0,-0.0,0.0,0.0,0.0
84,/GDAX80500R0.EX,2020-05-14,2020-06-19,PUT ,8050.0,54.2,54.5,10337.02,-3.41970007866621e-07,0.0006096572178648,-31.527642666336533,3.637978807091713e-06,-0.0,0.0,-0.0,0.0,0.0,0.0
149,/GDAX97000F0.EX,2020-05-14,2020-06-19,CALL,9700.0,864.3,38.77,10337.02,0.9999802977290528,-0.0004237047505739,-93.02537876833026,3.637978807091713e-06,0.0,-0.0,-0.0,0.0,0.0,0.0
198,/GDAX109000R0.EX,2020-05-14,2020-06-19,PUT ,10900.0,738.7,27.65,10337.02,-0.973050820903154,-0.0117640593089163,-78.87361725755795,0.0,-0.0,-0.0,-0.0,0.0,0.0,0.0
378,/GDAX190000R0.EX,2020-05-14,2020-06-19,PUT ,19000.0,8689.8,71.82,10337.02,-1.000000000021828,0.0,107.73718993818738,0.0,-0.0,0.0,0.0,0.0,0.0,0.0
86,/GDAX81000R0.EX,2020-05-14,2020-06-19,PUT ,8100.0,56.8,54.03,10337.02,-1.837179297581315e-08,-0.0002274721737194,-31.7242488330744,0.0,-0.0,-0.0,-0.0,0.0,0.0,0.0
30,/GDAX56000R0.EX,2020-05-14,2020-06-19,PUT ,5600.0,4.8,78.51,10337.02,-1.4033503248356285e-07,6.677973942714743e-05,-21.93260787662348,5.4569682106375694e-06,-0.0,0.0,-0.0,0.0,0.0,0.0
268,/GDAX126500R0.EX,2020-05-14,2020-06-19,PUT ,12650.0,2336.5,26.5,10337.02,-1.000000000021828,0.0,71.73028698498501,0.0,-0.0,0.0,0.0,0.0,0.0,0.0
145,/GDAX96000F0.EX,2020-05-14,2020-06-19,CALL,9600.0,942.9,39.74,10337.02,0.9999922795941528,-0.0001899794369819,-92.0462860686548,1.8189894035458565e-06,0.0,-0.0,-0.0,0.0,0.0,0.0
140,/GDAX94500R0.EX,2020-05-14,2020-06-19,PUT ,9450.0,196.6,41.12,10337.02,-1.6550984582863748e-06,-4.912908480037004e-05,-37.01315593200479,9.094947017729282e-07,-0.0,-0.0,-0.0,0.0,0.0,0.0
206,/GDAX111000R0.EX,2020-05-14,2020-06-19,PUT ,11100.0,880.0,26.15,10337.02,-0.9800615312087756,0.0010604334420349,-13.036907001233658,4.547473508864641e-06,-0.0,0.0,-0.0,0.0,0.0,0.0
28,/GDAX55000R0.EX,2020-05-14,2020-06-19,PUT ,5500.0,4.3,79.69,10337.02,-4.1200109990313656e-08,0.0005636801688524,-21.540656218676304,3.637978807091713e-06,-0.0,0.0,-0.0,0.0,0.0,0.0
269,/GDAX127000F0.EX,2020-05-14,2020-06-19,CALL,12700.0,1.6,25.87,10337.02,0.0,0.0,0.0,0.0,0.0,0.0,0.0,0.0,0.0,0.0
237,/GDAX119000F0.EX,2020-05-14,2020-06-19,CALL,11900.0,9.1,23.25,10337.02,0.0,0.0,0.0,0.0,0.0,0.0,0.0,0.0,0.0,0.0
168,/GDAX101500R0.EX,2020-05-14,2020-06-19,PUT ,10150.0,372.5,34.46,10337.02,-0.0053816325817024,-2.4433972352198907,-50.446149608978885,1.091393642127514e-05,-0.0,-0.0,-0.0,0.0,0.0,0.0
227,/GDAX116500F0.EX,2020-05-14,2020-06-19,CALL,11650.0,19.1,23.33,10337.02,0.0,0.0,0.0,0.0,0.0,0.0,0.0,0.0,0.0,0.0
234,/GDAX118000R0.EX,2020-05-14,2020-06-19,PUT ,11800.0,1496.3,23.35,10337.02,-1.000000000021828,0.0,66.91046533015106,0.0,-0.0,0.0,0.0,0.0,0.0,0.0
243,/GDAX120500F0.EX,2020-05-14,2020-06-19,CALL,12050.0,6.0,23.46,10337.02,0.0,0.0,0.0,0.0,0.0,0.0,0.0,0.0,0.0,0.0
317,/GDAX139000F0.EX,2020-05-14,2020-06-19,CALL,13900.0,0.4,31.03,10337.02,0.0,0.0,0.0,0.0,0.0,0.0,0.0,0.0,0.0,0.0
167,/GDAX101500F0.EX,2020-05-14,2020-06-19,CALL,10150.0,539.7,34.49,10337.02,0.9946183674401254,-2.4433972352198907,-108.00049054955298,1.091393642127514e-05,0.0,-0.0,-0.0,0.0,0.0,0.0
56,/GDAX72000R0.EX,2020-05-14,2020-06-19,PUT ,7200.0,24.7,62.59,10337.02,-4.746652848552913e-07,0.0001414522557752,-28.19798327958324,1.8189894035458565e-06,-0.0,0.0,-0.0,0.0,0.0,0.0
60,/GDAX74000R0.EX,2020-05-14,2020-06-19,PUT ,7400.0,29.9,60.82,10337.02,-1.1241354513913393e-07,0.0005660896022163,-28.980486779607418,1.8189894035458565e-06,-0.0,0.0,-0.0,0.0,0.0,0.0
175,/GDAX103500F0.EX,2020-05-14,2020-06-19,CALL,10350.0,414.5,32.57,10337.02,0.3163203972690098,12.514073250895308,-449.8778821200997,24.142391339410096,0.0,0.0,-0.0,0.0,0.0,0.0
64,/GDAX75500R0.EX,2020-05-14,2020-06-19,PUT ,7550.0,34.4,59.39,10337.02,5.020410753786564e-07,-0.0008214646186388,-29.568983156239028,1.8189894035458565e-06,0.0,-0.0,-0.0,0.0,0.0,0.0
4,/GDAX36000R0.EX,2020-05-14,2020-06-19,PUT ,3600.0,0.4,102.66,10337.02,-8.185452315956354e-08,-0.0003961456059187,-14.101325354324215,3.637978807091713e-06,-0.0,-0.0,-0.0,0.0,0.0,0.0
235,/GDAX118500F0.EX,2020-05-14,2020-06-19,CALL,11850.0,10.5,23.23,10337.02,0.0,0.0,0.0,0.0,0.0,0.0,0.0,0.0,0.0,0.0
68,/GDAX76500R0.EX,2020-05-14,2020-06-19,PUT ,7650.0,37.8,58.44,10337.02,-4.703906597569585e-07,0.0008261687071353,-29.96095984060571,5.4569682106375694e-06,-0.0,0.0,-0.0,0.0,0.0,0.0
92,/GDAX82500R0.EX,2020-05-15,2020-06-19,PUT ,8250.0,65.1,52.55,10465.17,5.26573657006582e-09,0.0002158770257665,-32.647628445942246,9.078821220393084e-13,6.74804141453933e-07,0.0276646408519808,-4183.793585347487,1.1634509393933703e-10,128.14999999999964,128.14999999999964
94,/GDAX83000R0.EX,2020-05-15,2020-06-19,PUT ,8300.0,68.2,52.07,10465.17,1.3451426639221609e-07,-0.00050360295063,-32.844265909905744,9.094947017729282e-07,0.0,-0.0,-0.0,0.0,0.0,0.0
107,/GDAX86500F0.EX,2020-05-15,2020-06-19,CALL,8650.0,1762.8,48.81,10465.17,0.9999999182582542,0.0001249927663593,-83.2795706578147,7.275957614183426e-06,0.0,0.0,-0.0,0.0,0.0,0.0
7,/GDAX41000F0.EX,2020-05-15,2020-06-19,CALL,4100.0,6222.5,115.42,10465.17,1.0000001047956175,-0.0002584596131782,-39.47352773716023,1.8189894035458565e-06,0.0,-0.0,-0.0,0.0,0.0,0.0
91,/GDAX82500F0.EX,2020-05-15,2020-06-19,CALL,8250.0,2133.7,52.81,10465.17,0.9999995801990736,0.0002158770257665,-79.4289770572459,0.0,0.0,0.0,-0.0,0.0,0.0,0.0
90,/GDAX82000R0.EX,2020-05-15,2020-06-19,PUT ,8200.0,62.2,53.05,10465.17,-1.0177245712839068e-07,0.0005211863026488,-32.44778222506784,4.547473508864641e-06,-0.0,0.0,-0.0,0.0,0.0,0.0
100,/GDAX84500R0.EX,2020-05-15,2020-06-19,PUT ,8450.0,78.5,50.59,10465.17,-2.2737367544323209e-07,0.0003134634425805,-33.43894278235757,3.637978807091713e-06,-0.0,0.0,-0.0,0.0,0.0,0.0
106,/GDAX86000R0.EX,2020-05-15,2020-06-19,PUT ,8600.0,90.3,49.13,10465.17,-7.084963726811111e-08,3.49396032106597e-05,-34.03164560590494,2.7284841053187847e-06,-0.0,0.0,-0.0,0.0,0.0,0.0
21,/GDAX48000F0.EX,2020-05-15,2020-06-19,CALL,4800.0,5523.2,98.39,10465.17,0.99999944350202,0.0002996473995153,-46.21402148621519,4.547473508864641e-06,0.0,0.0,-0.0,0.0,0.0,0.0
9,/GDAX42000F0.EX,2020-05-15,2020-06-19,CALL,4200.0,6122.6,112.74,10465.17,1.0000001235312084,-0.0082519369698275,-40.43677799774389,0.0,0.0,-0.0,-0.0,0.0,0.0,0.0
11,/GDAX43000F0.EX,2020-05-15,2020-06-19,CALL,4300.0,6022.6,110.11,10465.17,1.0000000231229933,-0.0001000432348519,-41.39845902439026,8.185452315956354e-06,0.0,-0.0,-0.0,0.0,0.0,0.0
104,/GDAX85500R0.EX,2020-05-15,2020-06-19,PUT ,8550.0,86.1,49.62,10465.17,1.471562427468598e-07,-0.0002140527612937,-33.833680748782854,4.547473508864641e-06,0.0,-0.0,-0.0,0.0,0.0,0.0
16,/GDAX45000R0.EX,2020-05-15,2020-06-19,PUT ,4500.0,1.3,90.41,10465.17,-9.231371222995223e-08,0.0002148342900909,-17.806412639189375,3.637978807091713e-06,-0.0,0.0,-0.0,0.0,0.0,0.0
103,/GDAX85500F0.EX,2020-05-15,2020-06-19,CALL,8550.0,1854.5,49.81,10465.17,1.0000001471780706,-0.0002140527612937,-82.31616930957034,4.547473508864641e-06,0.0,-0.0,-0.0,0.0,0.0,0.0
17,/GDAX46000F0.EX,2020-05-15,2020-06-19,CALL,4600.0,5722.9,102.89,10465.17,0.9999999670526448,-0.0002962143753393,-44.28790632214577,9.549694368615746e-06,0.0,-0.0,-0.0,0.0,0.0,0.0
102,/GDAX85000R0.EX,2020-05-15,2020-06-19,PUT ,8500.0,82.2,50.1,10465.17,1.1077645467594267e-07,-0.0003335941073601,-33.63670763640857,2.7284841053187847e-06,0.0,-0.0,-0.0,0.0,0.0,0.0
98,/GDAX84000R0.EX,2020-05-15,2020-06-19,PUT ,8400.0,74.9,51.08,10465.17,-1.3769749784842136e-07,0.0004442352292244,-33.239800840412954,4.547473508864641e-06,-0.0,0.0,-0.0,0.0,0.0,0.0
23,/GDAX49000F0.EX,2020-05-15,2020-06-19,CALL,4900.0,5423.3,96.34,10465.17,1.000000023350367,-7.642042874067556e-05,-47.17662783546496,1.8189894035458565e-06,0.0,-0.0,-0.0,0.0,0.0,0.0
99,/GDAX84500F0.EX,2020-05-15,2020-06-19,CALL,8450.0,1946.9,50.81,10465.17,0.9999997726481524,0.0003134634425805,-81.35438469320638,3.637978807091713e-06,0.0,0.0,-0.0,0.0,0.0,0.0
19,/GDAX47000F0.EX,2020-05-15,2020-06-19,CALL,4700.0,5623.0,100.78,10465.17,1.0000000715081114,1.754870027070865e-07,-45.24988862088094,4.547473508864641e-07,0.0,0.0,-0.0,0.0,0.0,0.0
31,/GDAX58000F0.EX,2020-05-15,2020-06-19,CALL,5800.0,4526.4,80.47,10465.17,0.9999999880164978,0.0005152472567715,-55.83948473845942,5.4569682106375694e-06,0.0,0.0,-0.0,0.0,0.0,0.0
66,/GDAX76000R0.EX,2020-05-15,2020-06-19,PUT ,7600.0,36.1,58.93,10465.17,3.910827217623592e-08,0.0005547133696381,-30.07241986036297,1.8189894035458565e-06,0.0,0.0,-0.0,0.0,0.0,0.0
36,/GDAX61000R0.EX,2020-05-15,2020-06-19,PUT ,6100.0,8.2,73.1,10465.17,9.69339453149587e-07,-0.0016778048120613,-24.14055627262519,5.4569682106375694e-06,0.0,-0.0,-0.0,0.0,0.0,0.0
35,/GDAX61000F0.EX,2020-05-15,2020-06-19,CALL,6100.0,4228.4,76.23,10465.17,1.0000009694522305,-0.0016778047665866,-58.73040191240659,4.092726157978177e-06,0.0,-0.0,-0.0,0.0,0.0,0.0
51,/GDAX69000F0.EX,2020-05-15,2020-06-19,CALL,6900.0,3438.0,66.49,10465.17,1.0000002232573024,-0.0003590140295273,-66.42878563716886,2.2737367544323206e-06,0.0,-0.0,-0.0,0.0,0.0,0.0
50,/GDAX68000R0.EX,2020-05-15,2020-06-19,PUT ,6800.0,16.6,66.2,10465.17,5.552465154323727e-07,-0.000457717487734,-26.90803298311539,1.2732925824820995e-05,0.0,-0.0,-0.0,0.0,0.0,0.0
53,/GDAX70000F0.EX,2020-05-15,2020-06-19,CALL,7000.0,3339.8,65.46,10465.17,0.9999994770623744,0.0003006468432431,-67.39540630987983,1.8189894035458565e-06,0.0,0.0,-0.0,0.0,0.0,0.0
72,/GDAX77500R0.EX,2020-05-15,2020-06-19,PUT ,7750.0,41.4,57.46,10465.17,7.672497304156423e-07,-0.0003282593752373,-30.66802202535473,2.7284841053187847e-06,0.0,-0.0,-0.0,0.0,0.0,0.0
52,/GDAX69000R0.EX,2020-05-15,2020-06-19,PUT ,6900.0,18.4,65.28,10465.17,2.231899998150766e-07,-0.0003590141204767,-27.30256679870854,3.637978807091713e-06,0.0,-0.0,-0.0,0.0,0.0,0.0
54,/GDAX70000R0.EX,2020-05-15,2020-06-19,PUT ,7000.0,20.3,64.4,10465.17,-5.229594535194337e-07,0.0003006468432431,-27.702140821646932,1.8189894035458565e-06,-0.0,0.0,-0.0,0.0,0.0,0.0
71,/GDAX77500F0.EX,2020-05-15,2020-06-19,CALL,7750.0,2610.3,57.93,10465.17,1.000000767317033,-0.0003282594661868,-74.6141373874633,2.2737367544323206e-06,0.0,-0.0,-0.0,0.0,0.0,0.0
57,/GDAX73000F0.EX,2020-05-15,2020-06-19,CALL,7300.0,3046.5,62.52,10465.17,0.9999999693718564,-1.4699662642669864e-05,-70.2807516805774,6.366462912410498e-06,0.0,-0.0,-0.0,0.0,0.0,0.0
70,/GDAX77000R0.EX,2020-05-15,2020-06-19,PUT ,7700.0,39.5,57.96,10465.17,-1.0531948646530509e-07,-0.0004318506398703,-30.4727322113431,0.0,-0.0,-0.0,-0.0,0.0,0.0,0.0
372,/GDAX175000R0.EX,2020-05-15,2020-06-19,PUT ,17500.0,7188.6,61.89,10465.17,-1.000000000021828,0.0,99.23316372066527,0.0,-0.0,0.0,0.0,0.0,0.0,0.0
108,/GDAX86500R0.EX,2020-05-15,2020-06-19,PUT ,8650.0,94.6,48.65,10465.17,-8.176357368938626e-08,0.0001249927663593,-34.23003544708854,7.275957614183426e-06,-0.0,0.0,-0.0,0.0,0.0,0.0
58,/GDAX73000R0.EX,2020-05-15,2020-06-19,PUT ,7300.0,27.2,61.71,10465.17,-3.0740920919924974e-08,-1.4699708117404953e-05,-28.88634624269457,4.547473508864641e-06,-0.0,-0.0,-0.0,0.0,0.0,0.0
61,/GDAX75000F0.EX,2020-05-15,2020-06-19,CALL,7500.0,2852.0,60.5,10465.17,1.0000001053413143,-0.0007747324161755,-72.20976013336974,8.185452315956354e-06,0.0,-0.0,-0.0,0.0,0.0,0.0
63,/GDAX75500F0.EX,2020-05-15,2020-06-19,CALL,7550.0,2803.6,60.0,10465.17,1.0000008469432942,-0.0003786014985962,-72.68815882827289,5.002220859751105e-06,0.0,-0.0,-0.0,0.0,0.0,0.0
69,/GDAX77000F0.EX,2020-05-15,2020-06-19,CALL,7700.0,2658.5,58.44,10465.17,0.9999998947023414,-0.0004318506398703,-74.13532424864843,4.547473508864641e-07,0.0,-0.0,-0.0,0.0,0.0,0.0
62,/GDAX75000R0.EX,2020-05-15,2020-06-19,PUT ,7500.0,32.9,59.88,10465.17,1.0531948646530509e-07,-0.000774732507125,-29.681261395775664,9.094947017729282e-06,0.0,-0.0,-0.0,0.0,0.0,0.0
370,/GDAX170000R0.EX,2020-05-15,2020-06-19,PUT ,17000.0,6688.2,58.55,10465.17,-1.000000000021828,0.0,96.3979304716363,0.0,-0.0,0.0,0.0,0.0,0.0,0.0
376,/GDAX185000R0.EX,2020-05-15,2020-06-19,PUT ,18500.0,8189.4,68.53,10465.17,-1.000000000021828,0.0,104.90363021938764,0.0,-0.0,0.0,0.0,0.0,0.0,0.0
74,/GDAX78000R0.EX,2020-05-15,2020-06-19,PUT ,7800.0,43.3,56.97,10465.17,1.140506356023252e-07,0.0003868392923322,-30.8672780556426,0.0,0.0,0.0,-0.0,0.0,0.0,0.0
75,/GDAX78500F0.EX,2020-05-15,2020-06-19,CALL,7850.0,2514.2,56.9,10465.17,0.9999992794746504,0.0003027131697308,-75.57750619940236,9.094947017729282e-07,0.0,0.0,-0.0,0.0,0.0,0.0
76,/GDAX78500R0.EX,2020-05-15,2020-06-19,PUT ,7850.0,45.3,56.46,10465.17,-7.20592652214691e-07,0.0003027132152055,-31.06434418735512,1.8189894035458565e-06,-0.0,0.0,-0.0,0.0,0.0,0.0
32,/GDAX58000R0.EX,2020-05-15,2020-06-19,PUT ,5800.0,6.0,76.2,10465.17,-1.2005330063402653e-08,0.0005152473022462,-22.95077904816185,5.4569682106375694e-06,-0.0,0.0,-0.0,0.0,0.0,0.0
37,/GDAX62000F0.EX,2020-05-15,2020-06-19,CALL,6200.0,4129.2,74.85,10465.17,1.0000006677273632,-0.0004679017820308,-59.695223200437226,1.8189894035458565e-06,0.0,-0.0,-0.0,0.0,0.0,0.0
87,/GDAX81500F0.EX,2020-05-15,2020-06-19,CALL,8150.0,2228.1,53.82,10465.17,1.0000005166602932,-0.0002538599346735,-78.46485893911893,8.185452315956354e-06,0.0,-0.0,-0.0,0.0,0.0,0.0
34,/GDAX60000R0.EX,2020-05-15,2020-06-19,PUT ,6000.0,7.4,74.23,10465.17,4.0972736314870417e-07,0.0001044857526721,-23.741976674899437,0.0,0.0,0.0,-0.0,0.0,0.0,0.0
39,/GDAX63000F0.EX,2020-05-15,2020-06-19,CALL,6300.0,4030.1,73.55,10465.17,0.9999997659633664,-2.1721098164562136e-05,-60.653252717443024,4.547473508864641e-07,0.0,-0.0,-0.0,0.0,0.0,0.0
67,/GDAX76500F0.EX,2020-05-15,2020-06-19,CALL,7650.0,2706.8,58.97,10465.17,0.999999188570655,0.00034364138628,-73.65210020879351,3.637978807091713e-06,0.0,0.0,-0.0,0.0,0.0,0.0
83,/GDAX80500F0.EX,2020-05-15,2020-06-19,CALL,8050.0,2323.0,54.84,10465.17,0.9999994006648194,0.0009198885436489,-77.50326418447389,9.094947017729282e-07,0.0,0.0,-0.0,0.0,0.0,0.0
368,/GDAX165000R0.EX,2020-05-15,2020-06-19,PUT ,16500.0,6187.8,54.88,10465.17,-1.000000000021828,0.0,93.56269722260733,0.0,-0.0,0.0,0.0,0.0,0.0,0.0
33,/GDAX60000F0.EX,2020-05-15,2020-06-19,CALL,6000.0,4327.7,77.58,10465.17,1.000000409749191,0.0001044857526721,-57.76477566507435,0.0,0.0,0.0,-0.0,0.0,0.0,0.0
82,/GDAX80000R0.EX,2020-05-15,2020-06-19,PUT ,8000.0,51.8,55.01,10465.17,2.210072125308216e-08,0.0004452916073205,-31.655802371988106,4.547473508864641e-06,0.0,0.0,-0.0,0.0,0.0,0.0
81,/GDAX80000F0.EX,2020-05-15,2020-06-19,CALL,8000.0,2370.6,55.36,10465.17,1.0000000221225491,0.0004452916527952,-77.01953435894336,5.002220859751105e-06,0.0,0.0,-0.0,0.0,0.0,0.0
80,/GDAX79500R0.EX,2020-05-15,2020-06-19,PUT ,7950.0,49.6,55.5,10465.17,6.669324648100883e-07,-0.0145571511893649,-31.45936843599497,4.547473508864641e-06,0.0,-0.0,-0.0,0.0,0.0,0.0
79,/GDAX79500F0.EX,2020-05-15,2020-06-19,CALL,7950.0,2418.4,55.86,10465.17,1.000000666908818,-0.0145571511438902,-76.5395770978148,3.183231456205249e-06,0.0,-0.0,-0.0,0.0,0.0,0.0
45,/GDAX66000F0.EX,2020-05-15,2020-06-19,CALL,6600.0,3733.4,69.89,10465.17,0.9999999381307134,-0.0002500535629224,-63.5437748786062,2.2737367544323206e-06,0.0,-0.0,-0.0,0.0,0.0,0.0
78,/GDAX79000R0.EX,2020-05-15,2020-06-19,PUT ,7900.0,47.4,55.99,10465.17,-8.067218004725873e-08,-0.0004006135895906,-31.263921769114177,1.8189894035458565e-06,-0.0,-0.0,-0.0,0.0,0.0,0.0
77,/GDAX79000F0.EX,2020-05-15,2020-06-19,CALL,7900.0,2466.2,56.39,10465.17,0.9999999193496478,-0.0004006136350653,-76.06060710629686,9.094947017729282e-07,0.0,-0.0,-0.0,0.0,0.0,0.0
44,/GDAX65000R0.EX,2020-05-15,2020-06-19,PUT ,6500.0,12.3,69.12,10465.17,6.733898771926761e-07,0.0005453480298456,-25.72137404215141,9.094947017729282e-07,0.0,0.0,-0.0,0.0,0.0,0.0
47,/GDAX67000F0.EX,2020-05-15,2020-06-19,CALL,6700.0,3634.8,68.69,10465.17,0.9999989672451192,0.0003788434696616,-64.50694028050339,1.3642420526593924e-06,0.0,0.0,-0.0,0.0,0.0,0.0
43,/GDAX65000F0.EX,2020-05-15,2020-06-19,CALL,6500.0,3832.2,71.03,10465.17,1.0000006733662303,0.0005453480298456,-62.579406281521415,1.8189894035458565e-06,0.0,0.0,-0.0,0.0,0.0,0.0
233,/GDAX118000F0.EX,2020-05-15,2020-06-19,CALL,11800.0,12.2,23.22,10465.17,0.0,0.0,0.0,0.0,0.0,0.0,0.0,0.0,0.0,0.0
328,/GDAX141500R0.EX,2020-05-15,2020-06-19,PUT ,14150.0,3836.2,37.13,10465.17,-1.000000000021828,0.0,80.2371009513738,0.0,-0.0,0.0,0.0,0.0,0.0,0.0
111,/GDAX87500F0.EX,2020-05-15,2020-06-19,CALL,8750.0,1672.0,47.83,10465.17,1.0000000367654138,-5.729134500143118e-05,-84.2419975788614,6.366462912410498e-06,0.0,-0.0,-0.0,0.0,0.0,0.0
205,/GDAX111000F0.EX,2020-05-15,2020-06-19,CALL,11100.0,96.4,26.14,10465.17,0.0,0.0,-26.846084404617613,0.0,0.0,0.0,-0.0,0.0,0.0,0.0
266,/GDAX126000R0.EX,2020-05-15,2020-06-19,PUT ,12600.0,2286.6,26.25,10465.17,-1.000000000021828,0.0,71.4478778793175,0.0,-0.0,0.0,0.0,0.0,0.0,0.0
273,/GDAX128000F0.EX,2020-05-15,2020-06-19,CALL,12800.0,1.4,26.34,10465.17,0.0,0.0,0.0,0.0,0.0,0.0,0.0,0.0,0.0,0.0
203,/GDAX110500F0.EX,2020-05-15,2020-06-19,CALL,11050.0,109.4,26.5,10465.17,0.0211292111998773,-0.002202600990131,-108.1779981136981,2.7284841053187847e-06,0.0,-0.0,-0.0,0.0,0.0,0.0
201,/GDAX110000F0.EX,2020-05-15,2020-06-19,CALL,11000.0,123.6,26.89,10465.17,0.0228621192036371,-0.0052441812840697,-118.36901599172164,2.7284841053187847e-06,0.0,-0.0,-0.0,0.0,0.0,0.0
202,/GDAX110000R0.EX,2020-05-15,2020-06-19,PUT ,11000.0,807.1,26.89,10465.17,-0.9771378808181908,-0.0052441812840697,-55.99388450976198,2.7284841053187847e-06,-0.0,-0.0,-0.0,0.0,0.0,0.0
199,/GDAX109500F0.EX,2020-05-15,2020-06-19,CALL,10950.0,138.9,27.27,10465.17,0.0245623535192862,-0.0080830857768887,-129.3641591670901,1.8189894035458565e-06,0.0,-0.0,-0.0,0.0,0.0,0.0
281,/GDAX130000F0.EX,2020-05-15,2020-06-19,CALL,13000.0,1.0,27.4,10465.17,0.0,0.0,0.0,0.0,0.0,0.0,0.0,0.0,0.0,0.0
197,/GDAX109000F0.EX,2020-05-15,2020-06-19,CALL,10900.0,155.3,27.65,10465.17,0.0262096479673346,-0.0106182015770173,-141.15243078617914,6.366462912410498e-06,0.0,-0.0,-0.0,0.0,0.0,0.0
195,/GDAX108500F0.EX,2020-05-15,2020-06-19,CALL,10850.0,172.9,28.05,10465.17,0.0277853834631969,-0.0127651112052262,-153.71363432846624,1.8189894035458565e-06,0.0,-0.0,-0.0,0.0,0.0,0.0
194,/GDAX108000R0.EX,2020-05-15,2020-06-19,PUT ,10800.0,675.0,28.44,10465.17,-0.9707267497105933,-0.0144601396641519,-105.77789742148752,1.8189894035458565e-06,-0.0,-0.0,-0.0,0.0,0.0,0.0
193,/GDAX108000F0.EX,2020-05-15,2020-06-19,CALL,10800.0,191.6,28.44,10465.17,0.0292732503112347,-0.0144601396641519,-167.01893560356984,1.8189894035458565e-06,0.0,-0.0,-0.0,0.0,0.0,0.0
264,/GDAX125500R0.EX,2020-05-15,2020-06-19,PUT ,12550.0,2236.7,25.97,10465.17,-1.000000000021828,0.0,71.16435455434817,0.0,-0.0,0.0,0.0,0.0,0.0,0.0
282,/GDAX130000R0.EX,2020-05-15,2020-06-19,PUT ,13000.0,2686.1,28.71,10465.17,-1.000000000021828,0.0,73.71606447874001,0.0,-0.0,0.0,0.0,0.0,0.0,0.0
192,/GDAX107500R0.EX,2020-05-15,2020-06-19,PUT ,10750.0,645.1,28.87,10465.17,-0.9693402033008168,-0.0156476225129154,-120.07423251563046,9.094947017729282e-07,-0.0,-0.0,-0.0,0.0,0.0,0.0
190,/GDAX107000R0.EX,2020-05-15,2020-06-19,PUT ,10700.0,616.3,29.29,10465.17,-0.9680650871814578,-0.0160491522365191,-135.0351740957601,1.8189894035458565e-06,-0.0,-0.0,-0.0,0.0,0.0,0.0
189,/GDAX107000F0.EX,2020-05-15,2020-06-19,CALL,10700.0,233.0,29.29,10465.17,0.03193491284037,-0.0160491522365191,-195.70916562823595,1.8189894035458565e-06,0.0,-0.0,-0.0,0.0,0.0,0.0
286,/GDAX131000R0.EX,2020-05-15,2020-06-19,PUT ,13100.0,2786.0,29.4,10465.17,-1.000000000021828,0.0,74.28311112834649,0.0,-0.0,0.0,0.0,0.0,0.0,0.0
188,/GDAX106500R0.EX,2020-05-15,2020-06-19,PUT ,10650.0,588.9,29.73,10465.17,-0.9669062650573323,-0.0123473786516115,-150.61732652717728,4.547473508864641e-06,-0.0,-0.0,-0.0,0.0,0.0,0.0
187,/GDAX106500F0.EX,2020-05-15,2020-06-19,CALL,10650.0,255.7,29.74,10465.17,0.0330937349644955,-0.0123473786516115,-211.00779473468376,4.547473508864641e-06,0.0,-0.0,-0.0,0.0,0.0,0.0
305,/GDAX136000F0.EX,2020-05-15,2020-06-19,CALL,13600.0,0.5,30.16,10465.17,0.0,0.0,0.0,0.0,0.0,0.0,0.0,0.0,0.0,0.0
185,/GDAX106000F0.EX,2020-05-15,2020-06-19,CALL,10600.0,279.4,30.19,10465.17,0.0341595141435391,0.0287714430669439,-226.9372457307768,0.0,0.0,0.0,-0.0,0.0,0.0,0.0
186,/GDAX106000R0.EX,2020-05-15,2020-06-19,PUT ,10600.0,562.6,30.19,10465.17,-0.9658404858782887,0.0287714430669439,-166.83030084823963,0.0,-0.0,0.0,-0.0,0.0,0.0,0.0
290,/GDAX132000R0.EX,2020-05-15,2020-06-19,PUT ,13200.0,2886.0,30.21,10465.17,-1.000000000021828,0.0,74.85015777828517,0.0,-0.0,0.0,0.0,0.0,0.0,0.0
184,/GDAX105500R0.EX,2020-05-15,2020-06-19,PUT ,10550.0,537.6,30.67,10465.17,-0.9783970440366828,0.3544936039361346,-184.17996138589024,138.19396372127812,-0.0,0.0,-0.0,0.0,0.0,0.0
183,/GDAX105500F0.EX,2020-05-15,2020-06-19,CALL,10550.0,304.4,30.68,10465.17,0.0216029559851449,0.3544936039361346,-244.0033829434581,138.19396372127812,0.0,0.0,-0.0,0.0,0.0,0.0
191,/GDAX107500F0.EX,2020-05-15,2020-06-19,CALL,10750.0,211.8,28.86,10465.17,0.0306597967210109,-0.0156476225129154,-181.03174737274344,9.094947017729282e-07,0.0,-0.0,-0.0,0.0,0.0,0.0
313,/GDAX138000F0.EX,2020-05-15,2020-06-19,CALL,13800.0,0.4,30.82,10465.17,0.0,0.0,0.0,0.0,0.0,0.0,0.0,0.0,0.0,0.0
207,/GDAX111500F0.EX,2020-05-15,2020-06-19,CALL,11150.0,84.4,25.77,10465.17,0.0,0.0,0.0,0.0,0.0,0.0,0.0,0.0,0.0,0.0
210,/GDAX112000R0.EX,2020-05-15,2020-06-19,PUT ,11200.0,957.0,25.4,10465.17,-1.000000000021828,0.0,63.50922478150483,0.0,-0.0,0.0,0.0,0.0,0.0,0.0
231,/GDAX117500F0.EX,2020-05-15,2020-06-19,CALL,11750.0,14.2,23.23,10465.17,0.0,0.0,0.0,0.0,0.0,0.0,0.0,0.0,0.0,0.0
229,/GDAX117000F0.EX,2020-05-15,2020-06-19,CALL,11700.0,16.5,23.26,10465.17,0.0,0.0,0.0,0.0,0.0,0.0,0.0,0.0,0.0,0.0
239,/GDAX119500F0.EX,2020-05-15,2020-06-19,CALL,11950.0,7.9,23.32,10465.17,0.0,0.0,0.0,0.0,0.0,0.0,0.0,0.0,0.0,0.0
241,/GDAX120000F0.EX,2020-05-15,2020-06-19,CALL,12000.0,6.8,23.4,10465.17,0.0,0.0,0.0,0.0,0.0,0.0,0.0,0.0,0.0,0.0
225,/GDAX116000F0.EX,2020-05-15,2020-06-19,CALL,11600.0,22.2,23.41,10465.17,0.0,0.0,0.0,0.0,0.0,0.0,0.0,0.0,0.0,0.0
238,/GDAX119000R0.EX,2020-05-15,2020-06-19,PUT ,11900.0,1593.3,23.42,10465.17,-1.000000000021828,0.0,67.47855133041116,0.0,-0.0,0.0,0.0,0.0,0.0,0.0
226,/GDAX116000R0.EX,2020-05-15,2020-06-19,PUT ,11600.0,1306.2,23.46,10465.17,-1.000000000021828,0.0,65.77741138092733,0.0,-0.0,0.0,0.0,0.0,0.0,0.0
223,/GDAX115500F0.EX,2020-05-15,2020-06-19,CALL,11550.0,25.8,23.51,10465.17,0.0,0.0,0.0,0.0,0.0,0.0,0.0,0.0,0.0,0.0
245,/GDAX121000F0.EX,2020-05-15,2020-06-19,CALL,12100.0,5.2,23.56,10465.17,0.0,0.0,0.0,0.0,0.0,0.0,0.0,0.0,0.0,0.0
242,/GDAX120000R0.EX,2020-05-15,2020-06-19,PUT ,12000.0,1691.1,23.59,10465.17,-1.000000000021828,0.0,68.04559798034984,0.0,-0.0,0.0,0.0,0.0,0.0,0.0
221,/GDAX115000F0.EX,2020-05-15,2020-06-19,CALL,11500.0,30.0,23.65,10465.17,0.0,0.0,0.0,0.0,0.0,0.0,0.0,0.0,0.0,0.0
222,/GDAX115000R0.EX,2020-05-15,2020-06-19,PUT ,11500.0,1213.9,23.7,10465.17,-1.000000000021828,0.0,65.21036473098866,0.0,-0.0,0.0,0.0,0.0,0.0,0.0
262,/GDAX125000R0.EX,2020-05-15,2020-06-19,PUT ,12500.0,2186.9,25.68,10465.17,-1.000000000021828,0.0,70.88083122937883,0.0,-0.0,0.0,0.0,0.0,0.0,0.0
244,/GDAX120500R0.EX,2020-05-15,2020-06-19,PUT ,12050.0,1740.3,23.71,10465.17,-1.000000000021828,0.0,68.32912130531918,0.0,-0.0,0.0,0.0,0.0,0.0,0.0
251,/GDAX122500F0.EX,2020-05-15,2020-06-19,CALL,12250.0,3.6,24.02,10465.17,0.0,0.0,0.0,0.0,0.0,0.0,0.0,0.0,0.0,0.0
217,/GDAX114000F0.EX,2020-05-15,2020-06-19,CALL,11400.0,40.5,24.06,10465.17,0.0,0.0,0.0,0.0,0.0,0.0,0.0,0.0,0.0,0.0
215,/GDAX113500F0.EX,2020-05-15,2020-06-19,CALL,11350.0,47.1,24.34,10465.17,0.0,0.0,0.0,0.0,0.0,0.0,0.0,0.0,0.0,0.0
216,/GDAX113500R0.EX,2020-05-15,2020-06-19,PUT ,11350.0,1080.9,24.39,10465.17,-1.000000000021828,0.0,64.35979475641284,0.0,-0.0,0.0,0.0,0.0,0.0,0.0
257,/GDAX124000F0.EX,2020-05-15,2020-06-19,CALL,12400.0,2.6,24.54,10465.17,0.0,0.0,0.0,0.0,0.0,0.0,0.0,0.0,0.0,0.0
254,/GDAX123000R0.EX,2020-05-15,2020-06-19,PUT ,12300.0,1987.7,24.64,10465.17,-1.000000000021828,0.0,69.74673792983367,0.0,-0.0,0.0,0.0,0.0,0.0,0.0
213,/GDAX113000F0.EX,2020-05-15,2020-06-19,CALL,11300.0,54.7,24.67,10465.17,0.0,0.0,0.0,0.0,0.0,0.0,0.0,0.0,0.0,0.0
214,/GDAX113000R0.EX,2020-05-15,2020-06-19,PUT ,11300.0,1038.5,24.69,10465.17,-1.000000000021828,0.0,64.0762714314435,0.0,-0.0,0.0,0.0,0.0,0.0,0.0
261,/GDAX125000F0.EX,2020-05-15,2020-06-19,CALL,12500.0,2.2,24.94,10465.17,0.0,0.0,0.0,0.0,0.0,0.0,0.0,0.0,0.0,0.0
211,/GDAX112500F0.EX,2020-05-15,2020-06-19,CALL,11250.0,63.5,25.01,10465.17,0.0,0.0,0.0,0.0,0.0,0.0,0.0,0.0,0.0,0.0
212,/GDAX112500R0.EX,2020-05-15,2020-06-19,PUT ,11250.0,997.2,25.03,10465.17,-1.000000000021828,0.0,63.79274810647416,0.0,-0.0,0.0,0.0,0.0,0.0,0.0
209,/GDAX112000F0.EX,2020-05-15,2020-06-19,CALL,11200.0,73.4,25.39,10465.17,0.0,0.0,0.0,0.0,0.0,0.0,0.0,0.0,0.0,0.0
219,/GDAX114500F0.EX,2020-05-15,2020-06-19,CALL,11450.0,34.8,23.83,10465.17,0.0,0.0,0.0,0.0,0.0,0.0,0.0,0.0,0.0,0.0
110,/GDAX87000R0.EX,2020-05-15,2020-06-19,PUT ,8700.0,99.1,48.16,10465.17,3.7471181713044643e-08,-0.0001013798282656,-34.42781986431396,1.8189894035458565e-06,0.0,-0.0,-0.0,0.0,0.0,0.0
182,/GDAX105000R0.EX,2020-05-15,2020-06-19,PUT ,10500.0,513.6,31.14,10465.17,-0.9608282938643242,2.1445346776090446,-206.08821631502724,8.185452315956354e-06,-0.0,0.0,-0.0,0.0,0.0,0.0
180,/GDAX104500R0.EX,2020-05-15,2020-06-19,PUT ,10450.0,490.6,31.61,10465.17,-0.9422526613889204,8.01697957167562,-245.16093883833537,1.9099388737231493e-05,-0.0,0.0,-0.0,0.0,0.0,0.0
146,/GDAX96000R0.EX,2020-05-15,2020-06-19,PUT ,9600.0,225.3,39.69,10465.17,-7.407470548059791e-06,-0.0001691542820481,-38.00146921377837,4.547473508864641e-06,-0.0,-0.0,-0.0,0.0,0.0,0.0
344,/GDAX145500R0.EX,2020-05-15,2020-06-19,PUT ,14550.0,4236.5,40.05,10465.17,-1.000000000021828,0.0,82.50528755079631,0.0,-0.0,0.0,0.0,0.0,0.0,0.0
142,/GDAX95000R0.EX,2020-05-15,2020-06-19,PUT ,9500.0,205.7,40.63,10465.17,-2.698016032809392e-06,-6.989930625422858e-05,-37.59782781649847,5.4569682106375694e-06,-0.0,-0.0,-0.0,0.0,0.0,0.0
141,/GDAX95000F0.EX,2020-05-15,2020-06-19,CALL,9500.0,1023.3,40.69,10465.17,0.9999973020057952,-6.989930625422858e-05,-91.4672595507068,5.4569682106375694e-06,0.0,-0.0,-0.0,0.0,0.0,0.0
139,/GDAX94500F0.EX,2020-05-15,2020-06-19,CALL,9450.0,1064.2,41.18,10465.17,0.9999984159549058,-4.357316356617957e-05,-90.9840377443511,3.637978807091713e-06,0.0,-0.0,-0.0,0.0,0.0,0.0
350,/GDAX147000R0.EX,2020-05-15,2020-06-19,PUT ,14700.0,4386.6,41.25,10465.17,-1.000000000021828,0.0,83.35585752570432,0.0,-0.0,0.0,0.0,0.0,0.0,0.0
138,/GDAX94000R0.EX,2020-05-15,2020-06-19,PUT ,9400.0,187.8,41.58,10465.17,-9.126779332291336e-07,-2.6596626412356272e-05,-37.19917272825933,4.547473508864641e-06,-0.0,-0.0,-0.0,0.0,0.0,0.0
352,/GDAX147500R0.EX,2020-05-15,2020-06-19,PUT ,14750.0,4436.6,41.58,10465.17,-1.000000000021828,0.0,83.63938085067366,0.0,-0.0,0.0,0.0,0.0,0.0,0.0
137,/GDAX94000F0.EX,2020-05-15,2020-06-19,CALL,9400.0,1105.5,41.65,10465.17,0.9999990873438946,-2.6596626412356272e-05,-90.50155781252896,4.547473508864641e-06,0.0,-0.0,-0.0,0.0,0.0,0.0
136,/GDAX93500R0.EX,2020-05-15,2020-06-19,PUT ,9350.0,179.5,42.06,10465.17,-5.164110916666687e-07,-1.5865043678786606e-05,-37.000670501553486,0.0,-0.0,-0.0,-0.0,0.0,0.0,0.0
356,/GDAX148500R0.EX,2020-05-15,2020-06-19,PUT ,14850.0,4536.7,42.45,10465.17,-1.000000000021828,0.0,84.20642750028014,0.0,-0.0,0.0,0.0,0.0,0.0,0.0
134,/GDAX93000R0.EX,2020-05-15,2020-06-19,PUT ,9300.0,171.5,42.53,10465.17,-2.863998815882951e-07,-9.297400538343936e-06,-36.80244122316981,9.094947017729282e-07,-0.0,-0.0,-0.0,0.0,0.0,0.0
340,/GDAX144500R0.EX,2020-05-15,2020-06-19,PUT ,14450.0,4136.4,39.38,10465.17,-1.000000000021828,0.0,81.93824090085764,0.0,-0.0,0.0,0.0,0.0,0.0,0.0
132,/GDAX92500R0.EX,2020-05-15,2020-06-19,PUT ,9250.0,163.9,43.0,10465.17,-1.5570549294352534e-07,-5.413585313363001e-06,-36.60437313078,9.094947017729282e-07,-0.0,-0.0,-0.0,0.0,0.0,0.0
130,/GDAX92000R0.EX,2020-05-15,2020-06-19,PUT ,9200.0,156.6,43.45,10465.17,-8.321876521222293e-08,-2.7696842153090984e-06,-36.406397896947055,3.637978807091713e-06,-0.0,-0.0,-0.0,0.0,0.0,0.0
128,/GDAX91500R0.EX,2020-05-15,2020-06-19,PUT ,9150.0,149.7,43.92,10465.17,-4.3473846744745976e-08,-1.4447323337662963e-06,-36.20847385504271,9.094947017729282e-07,-0.0,-0.0,-0.0,0.0,0.0,0.0
127,/GDAX91500F0.EX,2020-05-15,2020-06-19,CALL,9150.0,1317.6,44.02,10465.17,0.9999999565479812,-1.4447323337662963e-06,-88.09324231479786,9.094947017729282e-07,0.0,-0.0,-0.0,0.0,0.0,0.0
126,/GDAX91000R0.EX,2020-05-15,2020-06-19,PUT ,9100.0,143.1,44.39,10465.17,-2.15550244320184e-08,-2.2053427528589964e-06,-36.01058136116967,9.094947017729282e-07,-0.0,-0.0,-0.0,0.0,0.0,0.0
124,/GDAX90500R0.EX,2020-05-15,2020-06-19,PUT ,9050.0,136.7,44.85,10465.17,-1.1550582712516189e-08,-1.8053469830192626e-07,-35.812708684266454,2.7284841053187847e-06,-0.0,-0.0,-0.0,0.0,0.0,0.0
122,/GDAX90000R0.EX,2020-05-15,2020-06-19,PUT ,9000.0,130.7,45.32,10465.17,-8.276401786133647e-09,4.8324181989301e-06,-35.61483148555294,6.366462912410498e-06,-0.0,0.0,-0.0,0.0,0.0,0.0
121,/GDAX90000F0.EX,2020-05-15,2020-06-19,CALL,9000.0,1448.7,45.42,10465.17,0.999999991745426,4.8324181989301e-06,-86.64902997073227,6.366462912410498e-06,0.0,0.0,-0.0,0.0,0.0,0.0
118,/GDAX89000R0.EX,2020-05-15,2020-06-19,PUT ,8900.0,119.3,46.25,10465.17,6.002665031701326e-09,-1.615353539818898e-05,-35.21912639718494,6.366462912410498e-06,0.0,-0.0,-0.0,0.0,0.0,0.0
117,/GDAX89000F0.EX,2020-05-15,2020-06-19,CALL,8900.0,1537.4,46.39,10465.17,1.000000006024493,-1.615353539818898e-05,-85.6862782324256,6.366462912410498e-06,0.0,-0.0,-0.0,0.0,0.0,0.0
116,/GDAX88500R0.EX,2020-05-15,2020-06-19,PUT ,8850.0,113.9,46.73,10465.17,-1.3369572116062043e-08,1.9557955965865403e-05,-35.0212919742919,2.7284841053187847e-06,-0.0,0.0,-0.0,0.0,0.0,0.0
114,/GDAX88000R0.EX,2020-05-15,2020-06-19,PUT ,8800.0,108.8,47.21,10465.17,-1.709850039333105e-08,4.313578756409697e-05,-34.82332345142072,6.366462912410498e-06,-0.0,0.0,-0.0,0.0,0.0,0.0
112,/GDAX87500R0.EX,2020-05-15,2020-06-19,PUT ,8750.0,103.8,47.69,10465.17,3.67435859516263e-08,-5.729134500143118e-05,-34.62541571852876,6.366462912410498e-06,0.0,-0.0,-0.0,0.0,0.0,0.0
360,/GDAX149500R0.EX,2020-05-15,2020-06-19,PUT ,14950.0,4636.7,43.32,10465.17,-1.000000000021828,0.0,84.77347415021882,0.0,-0.0,0.0,0.0,0.0,0.0,0.0
181,/GDAX105000F0.EX,2020-05-15,2020-06-19,CALL,10500.0,330.5,31.16,10465.17,0.0391717061575036,2.1445346776090446,-265.6281145476257,8.185452315956354e-06,0.0,0.0,-0.0,0.0,0.0,0.0
148,/GDAX96500R0.EX,2020-05-15,2020-06-19,PUT ,9650.0,235.7,39.22,10465.17,-1.1947759048780426e-05,-0.0002553315425757,-38.20710608079776,8.185452315956354e-06,-0.0,-0.0,-0.0,0.0,0.0,0.0
336,/GDAX143500R0.EX,2020-05-15,2020-06-19,PUT ,14350.0,4036.4,38.49,10465.17,-1.000000000021828,0.0,81.37119425125115,0.0,-0.0,0.0,0.0,0.0,0.0,0.0
179,/GDAX104500F0.EX,2020-05-15,2020-06-19,CALL,10450.0,357.4,31.62,10465.17,0.0577473386329074,8.01697957167562,-304.4173137459645,1.9099388737231493e-05,0.0,0.0,-0.0,0.0,0.0,0.0
321,/GDAX140000F0.EX,2020-05-15,2020-06-19,CALL,14000.0,0.4,31.73,10465.17,0.0,0.0,0.0,0.0,0.0,0.0,0.0,0.0,0.0,0.0
178,/GDAX104000R0.EX,2020-05-15,2020-06-19,PUT ,10400.0,468.6,32.09,10465.17,-0.8692299967151484,16.318913668146706,-318.32650037416147,4.9112713895738125e-05,-0.0,0.0,-0.0,0.0,0.0,0.0
177,/GDAX104000F0.EX,2020-05-15,2020-06-19,CALL,10400.0,385.5,32.11,10465.17,0.1307700033066794,16.318913668146706,-377.2993519568213,4.9112713895738125e-05,0.0,0.0,-0.0,0.0,0.0,0.0
176,/GDAX103500R0.EX,2020-05-15,2020-06-19,PUT ,10350.0,447.6,32.56,10465.17,-0.6835369670625369,12.296348720337846,-392.9582139367637,5.002220859751105e-05,-0.0,0.0,-0.0,0.0,0.0,0.0
174,/GDAX103000R0.EX,2020-05-15,2020-06-19,PUT ,10300.0,427.5,33.04,10465.17,-0.3995520109128847,-8.40216975147996,-363.9028316455114,1.4551915228366852e-05,-0.0,-0.0,-0.0,0.0,0.0,0.0
173,/GDAX103000F0.EX,2020-05-15,2020-06-19,CALL,10300.0,444.5,33.06,10465.17,0.6004479891089431,-8.40216975147996,-422.3086365785648,1.4551915228366852e-05,0.0,-0.0,-0.0,0.0,0.0,0.0
333,/GDAX143000F0.EX,2020-05-15,2020-06-19,CALL,14300.0,0.3,33.16,10465.17,0.0,0.0,0.0,0.0,0.0,0.0,0.0,0.0,0.0,0.0
172,/GDAX102500R0.EX,2020-05-15,2020-06-19,PUT ,10250.0,408.3,33.52,10465.17,-0.1515822729743376,-18.10461473514806,-219.11075628919,5.547917680814862e-05,-0.0,-0.0,-0.0,0.0,0.0,0.0
171,/GDAX102500F0.EX,2020-05-15,2020-06-19,CALL,10250.0,475.4,33.53,10465.17,0.8484177270474902,-18.10461473514806,-277.233037897274,5.547917680814862e-05,0.0,-0.0,-0.0,0.0,0.0,0.0
170,/GDAX102000R0.EX,2020-05-15,2020-06-19,PUT ,10200.0,390.0,33.99,10465.17,-0.0336172663082834,-9.4223105628771,-94.1166762287894,3.456079866737127e-05,-0.0,-0.0,-0.0,0.0,0.0,0.0
169,/GDAX102000F0.EX,2020-05-15,2020-06-19,CALL,10200.0,507.2,34.02,10465.17,0.9663827337135444,-9.4223105628771,-151.95543451190406,3.456079866737127e-05,0.0,-0.0,-0.0,0.0,0.0,0.0
150,/GDAX97000R0.EX,2020-05-15,2020-06-19,PUT ,9700.0,246.7,38.74,10465.17,-1.893213266157545e-05,-0.0003778796781261,-38.41710973031286,9.094947017729282e-06,-0.0,-0.0,-0.0,0.0,0.0,0.0
166,/GDAX101000R0.EX,2020-05-15,2020-06-19,PUT ,10100.0,355.9,34.94,10465.17,-0.0006256907909119,-0.1829773631470743,-41.31303045344998,0.0,-0.0,-0.0,-0.0,0.0,0.0,0.0
164,/GDAX100500R0.EX,2020-05-15,2020-06-19,PUT ,10050.0,340.1,35.42,10465.17,-0.0003028027094842,-0.010751901390904,-40.35423259477034,3.637978807091713e-06,-0.0,-0.0,-0.0,0.0,0.0,0.0
162,/GDAX100000R0.EX,2020-05-15,2020-06-19,PUT ,10000.0,324.7,35.89,10465.17,-0.0002105759449477,-0.0027887374017154,-39.96619134468551,0.0,-0.0,-0.0,-0.0,0.0,0.0,0.0
161,/GDAX100000F0.EX,2020-05-15,2020-06-19,CALL,10000.0,642.0,35.92,10465.17,0.99978942407688,-0.0027887374017154,-96.670856328255,0.0,0.0,-0.0,-0.0,0.0,0.0,0.0
324,/GDAX140500R0.EX,2020-05-15,2020-06-19,PUT ,14050.0,3736.2,36.22,10465.17,-1.000000000021828,0.0,79.67005430176732,0.0,-0.0,0.0,0.0,0.0,0.0,0.0
160,/GDAX99500R0.EX,2020-05-15,2020-06-19,PUT ,9950.0,310.1,36.37,10465.17,-0.0001467506990593,-0.0020089342797291,-39.643808961290006,1.8189894035458565e-06,-0.0,-0.0,-0.0,0.0,0.0,0.0
158,/GDAX99000R0.EX,2020-05-15,2020-06-19,PUT ,9900.0,296.3,36.84,10465.17,-0.0001006913407763,-0.0014935010767658,-29.8122141354836,5.4569682106375694e-06,-0.0,-0.0,-0.0,0.0,0.0,0.0
157,/GDAX99000F0.EX,2020-05-15,2020-06-19,CALL,9900.0,713.7,36.87,10465.17,0.9998993086810516,-0.0014935010767658,-85.94983246911443,5.4569682106375694e-06,0.0,-0.0,-0.0,0.0,0.0,0.0
156,/GDAX98500R0.EX,2020-05-15,2020-06-19,PUT ,9850.0,283.1,37.31,10465.17,-6.798118192818947e-05,-0.0010901389032369,-39.09925469036352,1.8189894035458565e-06,-0.0,-0.0,-0.0,0.0,0.0,0.0
330,/GDAX142000R0.EX,2020-05-15,2020-06-19,PUT ,14200.0,3886.3,37.47,10465.17,-1.000000000021828,0.0,80.52062427634314,0.0,-0.0,0.0,0.0,0.0,0.0,0.0
154,/GDAX98000R0.EX,2020-05-15,2020-06-19,PUT ,9800.0,270.3,37.79,10465.17,-4.5148408389650285e-05,-0.0007806786015862,-38.85961101616908,2.7284841053187847e-06,-0.0,-0.0,-0.0,0.0,0.0,0.0
152,/GDAX97500R0.EX,2020-05-15,2020-06-19,PUT ,9750.0,258.4,38.26,10465.17,-2.9486545827239752e-05,-0.0005484261237143,-38.63361115711132,9.094947017729282e-07,-0.0,-0.0,-0.0,0.0,0.0,0.0
151,/GDAX97500F0.EX,2020-05-15,2020-06-19,CALL,9750.0,825.8,38.3,10465.17,0.9999705134760006,-0.0005484261237143,-93.92065951583412,9.094947017729282e-07,0.0,-0.0,-0.0,0.0,0.0,0.0
165,/GDAX101000F0.EX,2020-05-15,2020-06-19,CALL,10100.0,573.1,34.97,10465.17,0.999374309230916,-0.1829773631470743,-98.58474208662597,0.0,0.0,-0.0,-0.0,0.0,0.0,0.0
1,/GDAX20000F0.EX,2020-05-15,2020-06-19,CALL,2000.0,8323.3,203.25,10465.17,1.000000063686457,-0.0001430534211976,-19.255309803284945,3.637978807091713e-06,0.0,-0.0,-0.0,0.0,0.0,0.0
